book_id,title,author,year,genre
522,Skin mother care happen term.,Michael Delacruz,1911,History
738,Too real night.,Jacob Woods,1921,History
741,Development buy recognize single.,Anna Howard,1944,Science
661,Board especially.,Veronica Monroe MD,1988,Fiction
412,Anything stop record team.,Steven King,2009,Fiction
679,Mrs organization least.,Cameron Smith,1909,Fiction
627,Put investment scene notice.,Charles Love,2012,History
514,Or skill drop.,Rick Hall,1915,Biography
860,Get range space compare then.,Diane Martin,1910,Biography
137,They responsibility democratic affect.,Lori Carter,1947,Fiction
812,Mrs itself various language.,Laura Robinson,1951,Non-Fiction
77,Leave tax cup method machine.,Robert Garcia,1950,History
637,Then agree.,Brian Swanson,2001,Non-Fiction
974,Television mouth center wait.,Megan Rodriguez,2011,Fiction
939,Employee fire.,Joseph Curtis,1943,Non-Fiction
900,Their while perform anything.,Charles King,2005,History
281,West capital number agency especially.,Mrs. Lisa Wilson,1932,Fiction
884,Instead bring commercial.,Danielle Wade,1984,Non-Fiction
762,Heart education could.,Erin Smith,1978,Fiction
320,Its any production store wonder.,John Weaver,1952,Fiction
550,Assume if know.,David Fuller,1977,Fiction
175,Interest game.,Austin Silva,2013,Non-Fiction
372,Investment similar character leave.,Wendy Gould,1959,Fiction
528,Central network body market within.,Stephen Caldwell,1903,Non-Fiction
211,Eight scene land though.,Angela Lewis,1963,Non-Fiction
236,Suffer produce general discover.,Kevin Daniels PhD,1907,Biography
102,Many kind pressure everything.,Chad Matthews,1954,Biography
987,Be keep conference eye.,Jane Goodman,1946,Non-Fiction
903,Side test once very carry.,Robert Mccullough,2003,Science
948,Society popular enjoy.,Alison Lewis,1900,Science
347,Cell nearly case perhaps seat.,Sarah Ramirez,1969,Fiction
140,Experience such once page reality.,Andrea Williams,1994,Fiction
622,May government pattern.,Maria Knight,1970,History
500,Lead statement capital standard.,Kevin Brown,1991,Fiction
371,Message everyone soldier.,Dorothy Davis,1990,Fiction
199,Church health say.,Sherry Washington,1956,History
688,Price cut.,Kyle Allen,1974,Biography
585,Through however most establish.,Aaron Chambers,1921,Science
902,Your suddenly.,Terry Carter,1988,Non-Fiction
60,Heart well kid.,Bruce Logan,1977,Non-Fiction
329,Impact woman cause.,Amber Boyd,1906,Fiction
97,Nearly around politics society apply.,Jonathan Harris,1985,History
313,Character important.,Douglas Robinson,1991,Biography
975,Relationship concern approach imagine week.,Rachel Moody,2016,Biography
300,Popular read least chair.,Kevin Cervantes,1990,Science
278,Place big.,Lisa Torres,1929,History
925,Always short my.,Sharon Hancock,1924,Non-Fiction
602,Most life indeed.,Marie Medina,1934,Science
440,Leader accept chance fear half.,Lisa Harris,1937,Biography
838,Ability east speak go.,Audrey Parks,1955,Non-Fiction
571,Share nor sing language.,Mark Woods,1934,Non-Fiction
880,Practice although market.,Peter Rodriguez,1963,Biography
262,Clearly difference test.,Monica Miller,1985,History
579,Interesting section month role.,Daniel Mullins,1931,History
24,Build boy open card.,Kristy Price,1981,Fiction
31,Ahead easy.,Mrs. Lisa Dodson,1968,Non-Fiction
618,Either life night per.,Charles Gibson,1941,History
11,Audience stock how.,Laura Mccoy,1917,Biography
222,Case western allow glass.,Dawn Garrett,1945,Science
821,Front blood unit friend against.,Dan Stevens,1937,Science
297,Stay paper.,Gerald Hardy,2019,Non-Fiction
55,Central we.,Jennifer Jones,2023,History
543,Important station with.,Ashley Riggs,1971,Non-Fiction
210,Nice check resource.,Alexis Whitaker,1956,Non-Fiction
605,Tv different response.,Katherine Roach,2003,History
693,Read off media.,Felicia Pope,2007,Non-Fiction
663,Ever protect close natural.,Denise Thompson,2022,Science
867,Control drug training law.,Deborah English,1950,Biography
71,Recognize matter.,Andrew Garner,1928,Science
544,Human religious trade whatever.,Michael Torres,1907,Science
108,Indicate dream effort meeting eye.,Heather Williamson,1947,History
494,Likely could whatever part.,Timothy Dixon,1954,Fiction
591,Center operation modern follow power.,Alex Joyce,1939,Biography
742,Too important.,Daniel Carter,2013,Non-Fiction
293,Media become off alone black.,Benjamin Sandoval DDS,1910,Biography
290,Wrong student visit bag realize.,Tony Gibson,1931,Biography
653,Form land recently newspaper song.,Denise Peterson,1908,Science
40,Side senior.,Thomas Patterson,1917,Fiction
590,Early point information low off.,Victor Jordan,1922,History
308,You real cause market someone.,Mrs. Michelle Richards,1927,Non-Fiction
680,Simple pull husband cup.,Christopher Williams,1950,Biography
67,Left check.,Ryan Greene,2008,Fiction
276,Not answer never student.,Timothy Mckinney,1996,Non-Fiction
68,Indicate feel source theory most.,Deanna Hamilton,1998,Biography
319,Open available health.,Kenneth Murphy,1954,Non-Fiction
549,Tend keep person.,Jason Huerta,1930,Fiction
999,Explain carry ok.,Joshua Webb,1936,Science
715,Meeting life.,Dennis Martinez,1935,Non-Fiction
754,Data interest however.,Brad Morrison,2017,Fiction
328,Case benefit.,Brady Townsend,1959,History
383,Before candidate another group.,Scott Duran,1927,Science
452,Cup see little.,Paul Macias,2006,Science
523,Water ball understand.,James Webb,1913,Biography
219,Program put friend.,Jacob Wells,1925,Fiction
788,None ball machine investment present.,Jacob Lewis,1967,Non-Fiction
437,Operation woman turn.,Jennifer Martinez,1949,History
765,Thank share certain.,Lori Hernandez,1916,Non-Fiction
89,People interest ground article.,Mrs. Sheila Myers,2021,Fiction
64,Meeting above.,Chelsea Davis,1928,Fiction
827,Owner consumer modern central.,Mary James,1996,Science
717,Begin because push.,Melissa Bond,1980,Fiction
352,Mr commercial.,Dr. Manuel Guerra,1959,Science
937,Environment within.,Jennifer Ellis,1940,Fiction
257,Identify medical event leader.,Denise Elliott,1955,Fiction
636,Magazine out short sign.,Christopher Perez,1927,Non-Fiction
645,Subject matter consumer.,Stephen Gonzalez,1913,Biography
555,Effect for former about.,April Peterson,1958,Science
960,Information ago chair board.,Rebecca Torres,1988,Science
169,Write country since attack.,Jill Kaufman,1969,History
918,Bit size.,Tiffany Rodgers,1988,Non-Fiction
529,Policy stage television.,Jessica Watson,2023,Non-Fiction
824,Though down human.,Justin Murphy,2013,Fiction
986,Along fear important young.,David Dunn,1947,Fiction
817,Into together.,Thomas Johnson,1981,Biography
87,Seven purpose.,Emily Nguyen,1979,Non-Fiction
433,Central should design.,Angela Smith,2009,History
185,Five debate.,Ms. Lisa Patterson DVM,1907,History
979,Focus three manager need.,Sandra Higgins,1931,History
535,Teach glass.,Stephen Jimenez,1927,Non-Fiction
295,Condition federal.,Carl Dean,2000,Fiction
893,Idea radio prepare.,Kelly Robinson,1945,Fiction
426,Seek specific civil article.,John Garcia,1930,Science
714,Often skill throughout official bag.,Kimberly Hawkins,1975,History
261,Majority change consider left.,Robert Buchanan,1919,Biography
238,Imagine scene join debate.,Mark Williamson,1960,Biography
560,Clear debate hundred street.,Francisco Willis,1960,History
584,Born various.,Tracy Joyce,1919,Fiction
446,White see expert next tell.,Joyce Sparks,2017,History
868,Next particular.,Jennifer Mills,1965,Science
801,Pattern politics defense inside best.,James Mercado,2007,History
600,Threat find.,Erik Moore,1921,Biography
850,Movie ten bit add bring.,Linda Martin,2001,Fiction
266,Play fish.,Michelle James,2017,Science
996,Summer hard blood only.,Larry Buckley,1933,Fiction
530,Compare pick win born.,William Patterson,1971,History
56,Do appear pressure ready environmental.,Andrew Ramirez,1985,Fiction
121,Assume huge bring memory member.,Justin Robinson,1968,Biography
216,Government ahead former several.,Aaron Burke,1914,History
26,Role whole firm theory throw.,Ms. Lindsey Burns,1971,History
73,Result soon evening.,Sarah Zimmerman,2006,Science
45,Not head during chair.,Samantha Frazier,1943,Biography
248,Wait under need.,Scott Zimmerman,2019,Biography
722,Brother throw.,Nancy Wells,1924,Fiction
282,Accept item away.,Erika Vasquez,1936,Fiction
894,Probably side protect.,Leah Ross,1917,Biography
915,Debate design home.,Dan Leon,1975,Fiction
811,Fly prepare bag difference word.,Sarah Hall,1985,History
245,South today fly degree join.,Alexandra White,1931,Fiction
823,Group free week.,Eric Mason,1972,Science
322,Computer recent daughter drive.,Karen Stevens,1973,Biography
644,Produce dark.,Andrew Moreno,2012,Fiction
159,Good feeling change.,Emily Thompson,1912,Biography
978,Program in.,Susan Marks,1936,History
430,Factor need fight TV.,Brandon Jones DDS,1996,Fiction
942,Market sell our.,William Dean,1962,Non-Fiction
463,Size discussion.,Adam Kerr,1992,Non-Fiction
310,Child move brother.,Jeffrey Clay,1978,Non-Fiction
698,Worker material.,James Howard,1968,Fiction
61,Resource serve.,Hunter Wilson,2011,History
885,Computer laugh candidate what.,Joanna George,1972,Science
596,Seven popular.,Jeffrey Gomez,1964,Non-Fiction
768,Experience effort bill way.,John Smith,1980,Science
650,Including option.,Mr. Michael Roberts,1983,Non-Fiction
651,Hot knowledge.,Elizabeth Bishop,1911,History
866,Its on people guess meet.,Daniel Hall,1968,Science
669,Ten science floor minute.,Richard Snow,2009,Science
299,Order south full.,Kimberly Adams,1975,Science
690,Enjoy compare hard.,Victoria Hernandez,1969,Biography
315,Task civil remain worker.,Karen Rivera,1923,History
311,Organization himself only analysis authority.,Chad Fitzgerald,1950,History
362,Current however yet.,Teresa Kim,2002,Fiction
480,Pass wish my another.,Jessica Murphy,1928,History
111,Name well become.,Lauren Evans,1954,Science
990,Buy manage bag apply.,Joseph Stevens,1927,Fiction
487,Whom describe let hit street.,Bethany Bonilla,1959,Science
364,Difficult water tend.,Cathy Cooper,1947,Science
255,Eight realize we.,Stacey Lawson,1964,History
260,Fine firm.,Cameron Wagner,1912,Non-Fiction
803,Him cut entire Mrs far.,Michael Holmes,1996,History
678,Present popular book scene card.,Sabrina Munoz,1955,Biography
495,School light forward road.,Ryan Webb,1949,History
671,Forget evening environment bad.,Tammy Clark,1930,Non-Fiction
378,Simple allow.,Miss Wendy Mendoza,1991,History
527,Practice natural particular green house.,Jeanne Stephenson,2004,Fiction
846,Hundred number offer guess.,Stephanie Baker,2004,Biography
138,Still base.,Tiffany Pugh,1997,Science
356,Bill form also.,Mary Brown,1976,Biography
366,Last four focus about.,Ashley Hall,1963,Science
943,Form along generation over.,William Rodriguez,1928,Science
750,Unit reality some.,Sharon Watson,1930,Fiction
949,Hospital skill fear.,Brandy Shaw DVM,1990,Fiction
830,East use minute painting.,Tracey Thomas,1908,Non-Fiction
657,Forward very cup.,Michael Williams,1977,Biography
200,Final focus book.,Janet Brown,1900,Science
214,Third hope buy room.,Richard Graham,1980,History
409,Middle activity choice herself where.,Laura Hodges,1903,Science
333,Around have result.,Debra Melton,1939,Non-Fiction
209,Resource lay.,Brenda Griffin,2014,Non-Fiction
614,Size often area.,Justin Herrera,1934,History
79,Then investment.,Darlene Jordan,1973,Science
30,Woman stock person section.,Kelly Smith,1910,Science
536,Street forward pay.,Jeffrey Figueroa,2020,Biography
696,Operation big beat easy herself.,Julian Hicks,2008,Biography
558,Development strong.,Kenneth Moore,1912,Biography
837,Stock break happen million.,Billy Stanley,1904,Biography
597,Growth structure seat.,Kevin Buckley,1909,Fiction
166,Could source him indeed.,Richard Marshall,1912,Non-Fiction
919,Strategy to organization beautiful.,Jessica Burns,1907,Science
496,Sometimes physical single.,Samantha Stephens,1931,Science
825,Rock little soldier.,Heather Roberts,2006,Fiction
66,Ago wonder special north.,Patricia Ramirez,1961,Biography
142,Decade so like south decision.,Teresa Howard,1928,Non-Fiction
926,Huge clearly carry ten article.,Vanessa Henson,2006,History
828,Various stage brother.,Amanda Merritt,1960,Non-Fiction
656,Former travel performance.,Rebekah Johnson,1934,Science
332,Score treat share dinner.,Cassandra Foster,1912,Non-Fiction
665,Candidate will.,George Kirk,2014,History
250,Old new property.,Lisa Jackson,1904,Biography
908,White quality wind heart material.,Carmen Knight,1976,Non-Fiction
709,Up station white.,Mr. Nicholas Boyle,1956,Fiction
306,Type baby agent.,Christian Gonzalez,2010,Non-Fiction
735,Director far.,Shawn Benitez,1942,Fiction
976,Personal event experience manager.,Elizabeth Mcguire,1984,Fiction
50,Large rule.,Christina Hammond,1963,Biography
897,Line dark everybody everything.,Dr. Jesse Patel DVM,2014,History
3,Term professional program when onto.,Stephanie Lester,1902,Science
545,Within enjoy whether firm create.,David Reid,2007,History
351,Leader do.,Sarah Gill,1905,Science
905,Necessary gas.,Raymond Wallace,2023,Biography
537,Include carry most.,Michael Andrade,2002,Non-Fiction
345,Apply they eat still.,Grace Gonzalez,1957,Biography
995,Account one physical.,Cynthia Brown,1992,Fiction
482,Upon serve camera.,Patty Mclean,1994,Biography
576,Become win.,Hannah Cook,2002,Science
34,Move interesting expert stage.,Antonio Brown,1964,Fiction
32,Fund administration specific physical.,Olivia Lloyd,1948,Non-Fiction
232,Generation campaign account personal current.,Patrick Wolfe,1982,Biography
964,News coach court budget.,Veronica Moore,1947,Non-Fiction
193,Decision executive thing culture.,Morgan Williams,1975,Non-Fiction
334,Final treatment.,Richard Kelly,1970,Biography
4,Single relationship action mission fine.,Dennis Welch,1978,History
205,More member mean important.,Frank Mills,1936,Non-Fiction
515,Bit will.,Kevin Johnson,1961,Fiction
800,Thousand indeed sister.,Dalton Decker,1992,Biography
307,Reflect tend ground structure director.,Angela Campbell,1937,Science
110,Alone building give against.,Wayne Newman,1915,Science
431,Whether drive team future.,Derek Clark,2006,Science
78,If value force economic.,Brian Stevens,2004,Non-Fiction
85,Car sea now.,Dean Lee,1963,Fiction
287,Staff remain pretty.,Isabella Stevens,1946,Fiction
83,Maintain serious tend.,Debra Porter,1938,Fiction
992,Station stage.,Katrina George,1946,Science
790,Only prepare travel.,Diana Sims,1915,Biography
895,Threat ask space standard.,John Dunn,1962,Non-Fiction
399,Civil one.,Melinda Holmes,2023,Science
324,Life prove range.,Tyler Barnes,1939,Science
520,Consider leader.,Lisa Thompson,1935,Science
917,Research Democrat simply hand.,Carmen Scott,1935,Fiction
923,Until address serve.,Richard Moore,1962,Science
6,Or value example.,Chelsea Clarke,1954,Fiction
732,Entire amount degree.,Matthew Mckenzie,1997,Biography
466,Light allow prevent room action.,Ann Jenkins,1941,Biography
98,Professional someone day.,David West,1966,Fiction
267,Few wife write.,David Miranda,1904,History
358,Expert to.,Ryan Shaw,1907,Non-Fiction
869,Act off thousand scene.,Mary Webb,1978,Biography
799,Budget bad smile.,Christina Marquez,2000,Non-Fiction
381,Relationship up major.,Maria Hahn,1971,History
632,Carry skill very.,Brandy Davis,1993,History
382,Write third through audience.,Alyssa Lyons,2015,Science
491,News rate activity system race.,Christie Gregory,1975,Fiction
119,Citizen usually go.,Elizabeth Mora,2008,Biography
901,Risk husband summer.,Kimberly Nelson,1910,Fiction
251,Home create mention machine firm.,Christina Hinton,1953,Non-Fiction
524,Position who brother fund.,Emily Perry,1965,History
10,Million college here field according.,Dawn Mcgee,1979,Fiction
197,Strong page visit major.,William Bradley,1917,Fiction
604,Clearly cut green.,William Beck PhD,1964,Science
82,Foot about everything.,James Moyer,1967,Science
784,Garden follow dinner.,Sandra Ramirez,1906,Fiction
588,Opportunity traditional record heavy.,Dominique Rice,1942,History
798,Result nation reveal old.,Karen Brewer,1923,Non-Fiction
240,Attention both sister church.,Roberto Rivera,2002,Fiction
291,Focus contain.,Alison Cox,1907,Fiction
212,Almost animal along great coach.,Christopher Kane,1907,History
718,Small and now particularly.,Gail Kemp,1958,Non-Fiction
360,You standard PM difficult peace.,Gabrielle Marquez,1968,Biography
450,Candidate there agreement anything.,Noah Howard,1995,Science
228,True direction we.,Alexandria Johnson,1906,Biography
951,West memory what speech.,Ray Watts,1974,Fiction
947,Sound cut safe million.,Paula Dawson,1957,Fiction
797,Make dog son.,Stephen Fisher,1961,Non-Fiction
502,Action while factor.,Kendra Williams,1988,Non-Fiction
465,Make movie eight summer.,Linda Pineda,1909,Biography
363,Oil others subject decision rather.,John Moore,1924,Non-Fiction
469,International quality wear.,Kaitlyn Brock,1924,Science
936,Those necessary.,Roger Chaney,1904,Non-Fiction
429,Car student financial surface one.,Victoria Gibbs,1951,History
8,Do career budget.,Kelly Williams,1977,History
156,Nor sign.,Susan Barry,1996,History
542,Despite own land no only.,Tracy Dodson,2005,Fiction
441,Use me fire.,Ruth Young,1969,Science
483,This energy miss.,Kim Hines,1920,History
423,Along not back above.,Christina Preston,1903,Non-Fiction
779,Adult success particular in pattern.,Brian Fernandez,1954,Biography
950,Newspaper make fight.,Virginia Adams,1963,Biography
335,Before around.,Katherine Molina,1916,Fiction
577,Stop require step should.,Kelly Taylor,1958,History
935,Yes animal light.,David Wilson,2003,Science
568,From else move.,Mary Padilla,1958,Non-Fiction
595,Attention seek century significant.,Amy Kelly,1954,History
531,Necessary require air left.,Justin Rogers,1998,Science
582,Series start know.,Mark Sutton,1907,Biography
708,Forget audience site piece.,John Murphy,2008,Non-Fiction
449,White discover paper actually.,John Allen,1990,Biography
454,Always brother why.,Sara Wilson,1928,Fiction
229,Relationship country benefit.,Christopher Spencer,1939,Science
353,Explain notice control ability.,Lauren Smith,2020,Biography
729,Where east within.,Courtney Nguyen,1963,Science
213,Military glass action.,Lauren Jones,2008,Science
80,Water technology long friend.,Eric Gonzales,1995,Fiction
149,Improve kitchen plan deep behavior.,Sarah Brooks,1912,Biography
303,Anyone outside rather red.,Robert Lopez,1924,Biography
629,Miss particular fine.,Jonathan Austin,2009,Science
778,Generation again suffer happen.,Terrence Campos,1916,Biography
507,Structure area business.,Anthony Adams,1900,History
343,Performance future put.,Kristine Russell,2013,Biography
486,Tv show.,Kristy Hughes,1998,Non-Fiction
712,Win possible mind production.,Jeffrey King,1923,Science
134,Around look could rich.,Rebecca Rodriguez,1949,Biography
704,Candidate individual.,Sharon Phillips,1979,Non-Fiction
312,Pretty no window music financial.,Karen Preston,2002,Biography
723,Probably mission.,Dr. Jamie Hill,1982,Science
630,Grow prepare.,Sean Nolan,1983,History
1,Political position network level.,Tina Williams,1967,Non-Fiction
317,Away effort.,Antonio Jones MD,1959,Biography
707,Their fish apply pick.,Katherine Lloyd,2011,Non-Fiction
548,Land rise nearly hand everyone.,Heather Jennings,1987,Biography
873,Free what usually.,Patricia Wilson,1929,History
533,History bar allow sing.,Erin Schneider,1921,Non-Fiction
478,Table approach example teacher bad.,Cassidy Brown,1931,Fiction
405,Same may.,Jennifer Gonzalez,1925,Science
173,Physical senior such huge.,Brandon Howard,1963,Non-Fiction
126,Guy Congress industry avoid already.,Rose Ward,1980,History
395,Rest five.,Julie Kennedy,1928,Non-Fiction
421,Again national kitchen kind.,Natalie Kim,1932,Fiction
553,Somebody bank pressure behavior interview.,Michelle Thomas,1930,Fiction
904,Section particularly executive within.,Bradley Russell PhD,1920,Non-Fiction
91,Cut stay school cold.,Russell Stewart,1903,Science
940,Write natural purpose.,Sharon Pineda,2023,Science
182,Middle we near sense.,Reginald Peters,1981,History
275,Short away natural.,Elizabeth Shelton,1921,History
896,Wall white available town.,John Mclean,1988,Fiction
70,Bag wait pretty out.,Steven Reynolds,1914,Fiction
292,Me former ball.,Brian Ayala,1909,Non-Fiction
132,Yes sit protect close.,Keith Campbell,2000,Fiction
301,Garden enough true.,Jessica Hubbard,1972,Science
425,Executive important culture three.,Debra Reed,1923,Non-Fiction
327,Rather modern.,Lori Estrada,1913,Non-Fiction
145,Company detail most.,Paula Gardner MD,2022,History
424,Statement collection fact.,Kimberly Allen,1947,Science
581,Between reality with.,Jeanette Baxter,1914,History
136,On agree.,Michelle Lewis DDS,1995,Biography
451,Program work cold staff enter.,Nicholas Diaz,1985,Fiction
165,Mr himself front government.,Christine Wong,1948,Non-Fiction
29,Or plan deep.,Warren Hunt,1935,Biography
774,See fast.,Peggy Alvarez,1968,Non-Fiction
194,Above must down.,Stephanie Estrada,1911,Biography
389,While really seek.,Raymond Santos,1969,Fiction
853,Player challenge.,Rodney Jones,2011,Fiction
170,Important senior step can.,James Turner,1905,Non-Fiction
706,Beautiful fine information high.,Charles Jones,1941,History
141,Draw establish well.,Randy Howard,2017,Science
174,Discuss study site drug.,Tiffany Dixon,2014,Biography
7,Better better main ask.,Alexandria Hall,1986,Science
746,Economy board indeed miss.,Ashley Lopez,2000,Fiction
479,Laugh question officer decide.,Robert Evans,1930,Biography
74,Might specific somebody.,Crystal Brown,1907,Science
911,Worker field.,Sharon Price,2005,Non-Fiction
814,Training policy song.,Brittany Nelson,1984,Biography
239,Bit be truth benefit do.,Jennifer Hickman,1990,History
146,Threat spring across bag pattern.,Lisa Morris,1928,Biography
793,Some allow either assume itself.,Joshua Carter,1955,Fiction
235,Article together its with.,Bradley Bryant,1935,Biography
221,Last growth easy.,John Owens,1931,Science
924,Last task.,John Cain,1930,Biography
501,Decide they three tree pay.,Shane Maynard,1912,Non-Fiction
133,Party camera rate bit two.,Candice Williams,1902,Fiction
991,Lose rather kind evidence.,Justin Summers,1991,Fiction
775,Impact off under.,Joseph Galvan,1943,Science
186,Give despite personal.,Whitney Nelson,1999,Non-Fiction
42,Hotel lead happen.,Stephanie Hicks,1990,Science
697,Try follow peace relate light.,Derrick Holmes,1952,Non-Fiction
109,Support station world.,Eric Aguirre,1999,Biography
589,Form article see standard.,Mr. Jeffrey Reed Jr.,1934,Biography
57,Base kid three of surface.,Laurie Baird,1996,Fiction
406,Book federal involve subject still.,Kimberly Harvey,2010,Biography
443,Sort would many a.,Kristen Hood,1922,Science
758,Produce hospital treat.,Tony Bryant,1971,Science
998,Say college ever music them.,Sheryl Payne,1996,Biography
25,Rock painting rich.,Alan Willis,1960,Non-Fiction
468,Method high Congress.,Zachary Little,1975,Science
540,Campaign me.,Mark Thompson,1934,Fiction
532,Tonight stage front animal leg.,Erin Campbell,2001,Science
619,Congress tonight sell same.,Tammy Robinson,1919,History
695,Draw PM stop yes.,Nicole Whitaker,1908,History
927,Arm others consumer.,Jennifer Jackson,1927,History
339,Lose continue.,Angel Flores,2020,Non-Fiction
52,After drive agent.,Wesley Johnson,1903,Biography
508,Wall him ground health guess.,Natasha Ortega,1908,Science
517,Stock reason.,Andrew Watson,1924,Biography
921,Sure black able simply.,Thomas Rios,1904,Biography
782,More these agent here administration.,Natalie Sanchez,1981,Fiction
265,Just cost something.,Mitchell Daniel,1986,Non-Fiction
818,Impact when kind put degree.,Ann Brown,1969,Biography
711,Range would outside.,Linda Mcmahon,1909,Biography
683,Fine since kind until.,Alejandro Long,1996,Fiction
833,Summer media enter.,Donna Lee,1909,Biography
519,Interesting administration respond employee expert.,Margaret Myers,1983,Fiction
448,Drug else often.,Nicholas Marshall,1976,History
19,Sort series approach.,Luke Martin,1986,Non-Fiction
716,Address clearly week.,Randy Garrison,1950,Biography
484,Price drive production claim.,Katie Sanders,1969,Fiction
569,Have free by left.,Morgan George,1954,History
434,Knowledge card recent.,Connie Martinez,1943,Biography
368,Method site fund enough.,Connor Flores,1934,Non-Fiction
84,Us bill market.,Allison Blankenship,2007,Non-Fiction
62,Organization policy campaign south theory.,Laura Collins,1965,History
639,One into hair according.,John Salinas,1925,Fiction
273,Wish condition.,Melissa Marshall,1966,Fiction
286,You artist century.,Jennifer Blair,1987,History
361,Surface suffer together line natural.,Joseph Gomez,1924,Non-Fiction
355,Rule receive support.,Michelle Hill,1988,Biography
457,Serve network.,Chase Mcguire,1904,Non-Fiction
279,Three reflect their human.,Jeffrey Harmon,2001,Biography
13,Hear news situation radio.,Michael Reed DVM,2008,History
183,Once dream girl when artist.,Heidi Knox,2005,Biography
369,Difficult large five.,Dale Cooper,1962,Fiction
882,Method student across picture suffer.,Anthony Valencia,1953,Non-Fiction
616,Kitchen smile hair.,Mr. Antonio Flores,1936,Science
224,Nothing which industry.,Angela Adams,1939,Biography
573,Alone tell street local.,Christine Freeman,2004,Science
971,Return go fear popular could.,Marc Palmer,1930,Non-Fiction
654,Prevent bit song call.,Hannah Wells,1923,Biography
546,Health face half trade.,Dr. Thomas Jackson,1996,Science
583,Nothing minute lot less.,Jonathan Morrow,1962,Science
634,Simple political.,Mary Evans,1985,Biography
177,Concern note development home likely.,Allison Gibson,1933,Science
666,Author skin.,Sally Welch,1994,Non-Fiction
674,Entire stand rate develop.,Mark Hernandez,1910,Fiction
586,Smile strategy.,Kathleen Lopez,1959,Science
874,Line consumer look.,Tracy Mendez,1985,Biography
394,Majority people control stock few.,Cindy Clark,2001,Fiction
164,Science thousand what question.,Angela Davis,2021,Non-Fiction
249,Yet administration much.,Matthew Bennett,1975,Fiction
635,Affect gun spring door.,Jennifer Robbins,1988,Non-Fiction
886,Others including every left reach.,Michael Young,2000,Biography
670,View argue room letter.,Joel Adams,1992,Non-Fiction
376,Challenge daughter necessary sister.,Patricia Howell,1948,Non-Fiction
413,Owner thousand cell.,Andrew Green,1995,Fiction
75,Theory loss table family.,Barbara Carr,1918,Biography
114,Political way program nature process.,Shelley Jordan,1985,Fiction
599,However positive according position.,John Ortega,1982,History
962,Skin through party.,Gregory Romero,2001,Non-Fiction
391,May any generation beyond.,Caitlin Barron,1954,History
105,Kid especially.,Kevin Roy,1949,Fiction
115,Until care.,Sheila Golden,2005,Biography
418,Be range each.,Sheena Marquez,1960,Non-Fiction
526,You debate popular study.,Timothy Duncan,1951,Science
458,Reality want music good.,Kelly Bell,1984,Biography
410,Recently lawyer.,Tanya Williams,1939,History
93,Road girl.,Kylie Erickson,1939,Biography
931,Open training.,Tiffany Palmer,1983,Non-Fiction
90,Happen force opportunity skill part.,Jeremy Ellis,1962,Science
337,Behind green attorney owner.,Dustin Sanchez,1950,Biography
989,Any affect himself.,Joseph Schneider,1945,Non-Fiction
922,Provide ahead focus.,Daniel Smith,1974,History
934,Expect she cultural true.,Kelly Mcgrath,2015,History
606,Option can detail property.,Rebecca Lewis,1927,Science
594,Set your wish.,Joshua Perry,1926,Biography
612,Wind state decide.,John Torres,1972,Biography
95,The stand appear hotel.,Elizabeth Evans,1914,Science
12,Interest country.,James Valdez,1973,Science
397,Value marriage view but likely.,Joseph Robinson,1936,History
534,Imagine east friend.,Gregory Collins,1950,Biography
44,Civil kind.,Belinda Smith,1902,History
43,Picture executive artist.,Norman Baker,1971,History
330,Onto rise fear lawyer.,Leslie Young,1915,Biography
168,Very international building baby expert.,Jonathon Robinson,1941,History
498,Citizen us study machine quality.,James Moon,1980,History
877,Soldier thousand son newspaper TV.,Yolanda Taylor,2001,History
598,Realize attack rise.,David Webster,1902,Science
757,Would hundred positive nothing.,Melanie Cox,1962,Fiction
101,Training raise hot.,Robert Peterson,1991,History
427,Most wrong as.,Tara Harris,1916,History
179,Here spring.,Courtney Stevenson,2007,Science
445,Whom believe radio sister manage.,Brandon Robles,1994,Fiction
417,Crime ready on girl.,James Kelly,1903,History
871,Red behind boy soon fly.,Robert Barnes,2011,Biography
883,Occur partner story identify.,Mr. John Bradley,1947,Science
