borrower_id,name,email
522,Stephen Brown,johnfowler@example.com
738,Anita Sosa,whitealexandra@example.com
741,Brian Rojas,reedfrances@example.com
661,Alicia Martin,timothyspencer@example.org
412,Mark Mcknight,gwiley@example.org
679,Kimberly Hill,huntjeff@example.com
627,Ian Day,charleswhite@example.net
514,Kayla Rose,crodriguez@example.com
860,Mark Gray,hyoung@example.net
137,Phillip Webb,mathewsmatthew@example.com
812,Dawn Lutz,tonymatthews@example.com
77,Claire Larson MD,colebrian@example.com
637,Jordan Hess,ojones@example.org
974,Nancy Allen,mollygarcia@example.org
939,Melissa Garcia,todd15@example.org
900,Shelly Kim,haydenjohn@example.com
281,Hannah Olsen,gomezkelly@example.org
884,Ellen Cox,annematthews@example.org
762,Andrew Pierce,chloejackson@example.org
320,Jesus Hunter,michael92@example.net
550,Cassandra Garza,vrobinson@example.org
175,Mary Gibson,jessicamoore@example.com
372,Andrew Lucas,washingtonkrista@example.net
528,Bryan Cowan,curtisbell@example.net
211,Mario Garcia,moorepaul@example.net
236,Roger Kim,dharris@example.com
102,Patrick Delgado,pflores@example.net
987,Tracey Alvarado,rmitchell@example.org
903,Chad Powers,carrie07@example.org
948,Zachary Cross,wagnerdennis@example.com
347,Jacqueline Garcia,michael67@example.net
140,Brian Young,smithdaniel@example.org
622,Michelle Ortiz,meganharmon@example.net
500,Brandy Guzman,fitzgeraldkimberly@example.org
371,Anthony Barnes,monica24@example.org
199,Richard Phillips,daviserica@example.org
688,Kenneth Lara,kjames@example.org
585,Rachel Lawrence,calvinhampton@example.com
902,Michael Miller,mary97@example.net
60,Michele Leblanc DDS,lindseypeterson@example.com
329,James Scott,phess@example.org
97,Shaun Gonzalez,angela29@example.net
313,Michael Shannon,mary96@example.org
975,Lisa Sims,moniquereed@example.org
300,Mrs. Rachel Wilson,caitlin27@example.org
278,John Miranda,mccannkimberly@example.org
925,Joshua Sanchez,greenmary@example.net
602,Patrick Abbott,juliachandler@example.org
440,Tyler Horne,jamesmichael@example.com
838,Abigail Sawyer,sarahhuynh@example.net
571,Carlos Jackson,andersonisaac@example.net
880,Katherine Schneider,gholden@example.com
262,David Downs,gaustin@example.net
579,Megan Keith,joshuarich@example.com
24,Carrie Gregory,oatkins@example.net
31,Kathleen Stevens,irwinian@example.net
618,Jasmine Fisher,greenwilliam@example.org
11,Cory Barajas,gregory61@example.net
222,Rebecca Lopez,shane85@example.org
821,Jonathan Esparza,medinajoseph@example.org
297,Ronald Aguilar,gsimon@example.net
55,Madison Perry,ncortez@example.org
543,Ryan Clark,xwilkerson@example.com
210,Vanessa Webster,joshua39@example.com
605,Paul Quinn,vharris@example.net
693,Dustin Davis MD,allison46@example.net
663,Brian Gilbert,seanvargas@example.com
867,Jared Moss,kimberly34@example.com
71,Sharon Burnett,allison68@example.net
544,Joseph Mendoza,hickmanashley@example.net
108,Misty Lee,robertanderson@example.org
494,Kathleen Potter,bryantaylor@example.net
591,David Oliver,cstewart@example.org
742,Kimberly Smith,hwallace@example.com
293,Christopher Hanson,dixonwillie@example.org
290,Jeffrey Nguyen,josewolf@example.net
653,Sandra Reid,nicolewheeler@example.net
40,Valerie Ward,danielcochran@example.net
590,Linda Lopez DDS,sarah65@example.com
308,Cindy Garcia,luismurray@example.org
680,Joseph Garcia,kreilly@example.com
67,Adam Stephens,norrisdaniel@example.com
276,Robert Sexton,pwalker@example.net
68,Joann Burns,lori89@example.com
319,Benjamin Riddle,umann@example.net
549,Cynthia Hayes,johntodd@example.net
999,David Blackwell,michael43@example.net
715,Sandra Harding,andersenjohnny@example.net
754,Rebecca Turner,jamesking@example.net
328,Kristine West DVM,mcphersonmolly@example.net
383,John Dudley,savannah96@example.com
452,Russell Peterson,ruthhess@example.org
523,Ryan Patterson,reidlorraine@example.net
219,Lisa Smith,danamurphy@example.org
788,Makayla Day,millerjason@example.org
437,Paul Weaver,jose34@example.net
765,Cory Torres,nbailey@example.com
89,Dan Jackson,thickman@example.com
64,Tyler Baxter,jennifer44@example.net
827,Sabrina Gray,terriromero@example.com
717,Patricia Walters,yglenn@example.com
352,Eric Benson,matthewjacobs@example.org
937,Terri Cook,khudson@example.com
257,Timothy Hickman,lisa46@example.net
636,Joseph Allen,johnsteele@example.com
645,Aaron Schwartz,charlesthompson@example.org
555,Nathaniel Adams,wendyrussell@example.com
960,Vanessa Myers,maynardjessica@example.net
169,Joshua Fox,donnatran@example.net
918,Christine Dickerson,millerterri@example.org
529,Danielle Allison,jensendennis@example.net
824,Danielle Christian,albert79@example.org
986,Curtis Salazar,andersonjennifer@example.com
817,Shannon Bowers,kschneider@example.com
87,Joanna Wilson,adamsmark@example.org
433,Sarah Reyes,gabrielscott@example.org
185,Kristen Garcia,nunezjames@example.net
979,Natalie Mills,rodneymartin@example.net
535,Jonathan Kaiser,tjackson@example.org
295,Kyle Smith,pammyers@example.com
893,Kayla Moore,pittmangeorge@example.com
426,Cheryl Dominguez,john87@example.org
714,Cheryl Bryant,christopherevans@example.org
261,Jennifer Braun,kharris@example.net
238,Samuel Mosley,kelseywagner@example.com
560,Savannah Weaver,hernandezrebecca@example.com
584,Daniel Smith,marcus64@example.com
446,Matthew Olsen,madkins@example.org
868,Miguel Edwards,chahn@example.org
801,Jennifer Hill,ujohnson@example.org
600,Robert Brewer,johnsonjesse@example.org
850,Andrea Wilson,uwyatt@example.net
266,Lindsay Henry,jason27@example.com
996,Billy Hudson,qward@example.com
530,Sharon Jimenez,qmiller@example.org
56,Jesse Gilbert,orodriguez@example.net
121,Keith Barry,khill@example.net
216,Dawn Reynolds,kathleen93@example.net
26,Valerie Hernandez,darrellstone@example.com
73,Gary Weiss,kimtina@example.com
45,Edward Bradley MD,kdyer@example.com
248,Christopher Lewis,kmendez@example.org
722,Timothy Ross,arussell@example.net
282,Mark Jimenez,adrian12@example.org
894,Marie George,timothy70@example.org
915,Jose Hart,erivera@example.org
811,Jeff Wilkerson,seanthomas@example.org
245,Angel Gonzalez,aschmitt@example.com
823,Thomas Robbins,dalvarado@example.com
322,Ryan Brown,josekeller@example.com
644,Jennifer Lara,smithdaniel@example.net
159,Amanda Mitchell,drakemercedes@example.org
978,Laura Mays,jamesgardner@example.net
430,Brandon Ortiz,jaimecain@example.net
942,Mary Henderson,robin61@example.com
463,Alicia Everett,oortiz@example.org
310,Kristina Smith,walvarez@example.net
698,Nicholas Hart,belindafinley@example.org
61,Heather Mcdaniel,petersonapril@example.net
885,Dominique Friedman,christopher96@example.org
596,James Morris MD,fspencer@example.net
768,Richard Riley,cindyodom@example.org
650,Chad Carter,scott14@example.org
651,Crystal Jacobs,yvonne83@example.com
866,Pamela Sanders,davidmccarty@example.com
669,Jay Wilson,hallkristen@example.org
299,Nicholas Little,campbellerika@example.net
690,Catherine Rivas,fosterchristopher@example.com
315,Melanie Reid,aesparza@example.net
311,Eric Perez,sarah15@example.net
362,Derek Li,keithwillis@example.net
480,Jennifer Ford,christopherreed@example.org
111,Brittany Johnson,katherinejones@example.org
990,Michael Martin,connieblevins@example.com
487,Michael Fox,jennifer40@example.org
364,Jeffrey Long,amberforbes@example.org
255,Jeremy Banks,lindseydaniels@example.net
260,Elizabeth Marshall,xkent@example.com
803,Cindy Rodriguez,ortizchristy@example.com
678,Denise Roach,jenniferdavis@example.net
495,Bryan Perez,vanessa43@example.com
671,Zachary Lindsey,brianabuchanan@example.com
378,Zachary Smith,ronaldmontoya@example.com
527,Jennifer Kent,ndeleon@example.org
846,Taylor Hoffman,sherri04@example.net
138,Heather Thompson,eringreen@example.net
356,Stacy Wright,daviladarren@example.org
366,Chad Moore,racheljones@example.org
943,Courtney Jimenez,aimee03@example.net
750,Laura Ramirez,jonesbrenda@example.net
949,Robert Middleton,acampbell@example.com
830,Carmen Howell DDS,martinchristine@example.org
657,Vanessa Hawkins,melissacarter@example.org
200,Jessica Fry,shelley25@example.org
214,Donald Carlson,brittany46@example.com
409,Melissa Evans,brianolson@example.net
333,Karen Hernandez,brobinson@example.com
209,Shannon Martin,whinton@example.com
614,Wendy Chandler,javierlucas@example.com
79,Steven Hubbard,ellislisa@example.net
30,Derrick Lane,dustinmueller@example.org
536,Steve Patel DVM,pdiaz@example.net
696,Mary Stanley,markjenkins@example.org
558,Lisa Martinez,bfowler@example.com
837,Melvin Martinez,martinezwendy@example.org
597,Eric Hoffman,gonzalezphillip@example.org
166,Paul Gonzalez,joneskelly@example.net
919,Natalie Navarro,mjohnson@example.net
496,Carlos Hall,aharris@example.org
825,Mary Flynn,lindastephens@example.com
66,Rebecca Dennis,kimberly20@example.org
142,Mrs. Stephanie Steele DVM,jmercer@example.org
926,Marc Hernandez,rodriguezlaura@example.org
828,Gregory Solomon,jenna75@example.org
656,Wendy Schultz,kimberlygates@example.com
332,Erin Thompson,donaldsnyder@example.net
665,Jamie Lewis,lozanoanthony@example.org
250,Christine Gates,alexisrowe@example.net
908,Kathleen Brown,fsanford@example.org
709,Sean Gray,craigmartin@example.net
306,Jordan Brewer,julie61@example.com
735,Javier Garner,turnerjustin@example.net
976,Rachel White,nlove@example.com
50,Michael Harris,melissapayne@example.net
897,Willie Williams,david71@example.org
3,Regina Allen,patrick85@example.net
545,Gabriel Bush,brent44@example.com
351,Cynthia Johnson,robinsonclaudia@example.net
905,Christy Whitehead,warnerjason@example.com
537,Nicole Shelton,zscott@example.com
345,James Cardenas,josephmcdaniel@example.com
995,Tyler Fisher,marquezeric@example.org
482,Eric Perez,handerson@example.com
576,Arthur Hale,martha49@example.com
34,Bruce Keith,donovanluke@example.org
32,Chelsea Proctor,staylor@example.com
232,Scott Frank,wgibson@example.com
964,Rebecca Hodge,jenniferbrown@example.com
193,Kelly Casey,amy24@example.net
334,Robin Frost,jason01@example.org
4,Kristine Chavez,martinjennifer@example.com
205,Christine Brown,ygonzalez@example.org
515,Faith Lozano,moonkatrina@example.org
800,Robert Anderson,sarahhenderson@example.com
307,Michele Anderson,debbie17@example.com
110,Carolyn Carlson,thomasmelissa@example.org
431,Rachael Mills,kcohen@example.org
78,Angela Andersen,shawlisa@example.com
85,Jesus Davis,zacharylong@example.net
287,Dr. Amanda Garza,xhicks@example.net
